{
    "RF": {
        "MSE": 11225331.607989045,
        "R2": 0.9572845336012987
    },
    "LR": {
        "MSE": 29719430.466819443,
        "R2": 0.886909413652379
    },
    "NN": {
        "MSE": 571286511.7807556,
        "R2": -1.1739019077739066
    }
}