Actual,PSO_Pred
17217.0,14503.122010641222
19239.0,14503.122010641222
55586.0,54012.04019607843
16828.0,15806.96997905081
55.38,1266.5128299168155
21591.0,20087.88333374622
2224.0,1443.2377412146677
7811.0,9775.253275702415
